{
  "nodes": {
    "image_preview#1": {
      "rfNode": {
        "position": {
          "x": 2599.3786920991956,
          "y": 264.33019715540166
        }
      }
    },
    "svg-to-png#3": {
      "contentWidth": 450,
      "rfNode": {
        "position": {
          "x": 569.4257026813862,
          "y": 508.10321673548566
        }
      }
    }
  }
}