{
  "nodes": {
    "image_preview#1": {
      "rfNode": {
        "position": {
          "x": 2599.3786920991956,
          "y": 264.33019715540166
        }
      }
    },
    "svg-to-png#1": {
      "contentWidth": 967.8469156901042,
      "rfNode": {
        "position": {
          "x": 1392.8051754828061,
          "y": 234.3148220486111
        }
      }
    }
  }
}